categoria,nombre_apertura,url
Défense sicilienne,Gambit de l'aile,https://fr.wikipedia.org/wiki/Gambit_de_l%27aile
Défense sicilienne,Variante Alapine,https://fr.wikipedia.org/wiki/Variante_Alapine
Défense sicilienne,Attaque anglaise,https://fr.wikipedia.org/wiki/Attaque_anglaise
Défense sicilienne,Variante cobra classique,https://fr.wikipedia.org/wiki/Variante_cobra_classique
Défense sicilienne,Variante du dragon accéléré,https://fr.wikipedia.org/wiki/Variante_du_dragon_acc%C3%A9l%C3%A9r%C3%A9
Défense sicilienne,Variante du dragon,https://fr.wikipedia.org/wiki/Variante_du_dragon
Défense sicilienne,Sicilienne fermée,https://fr.wikipedia.org/wiki/Sicilienne_ferm%C3%A9e
Défense sicilienne,Attaque grand prix,https://fr.wikipedia.org/wiki/Attaque_grand_prix
Défense sicilienne,Sicilienne Kalashnikov,https://fr.wikipedia.org/wiki/Sicilienne_Kalashnikov
Défense sicilienne,Sicilienne Kan,https://fr.wikipedia.org/wiki/Sicilienne_Kan
Défense sicilienne,Système Kopec,https://fr.wikipedia.org/wiki/Syst%C3%A8me_Kopec
Défense sicilienne,Variante La Bourdonnais,https://fr.wikipedia.org/wiki/Variante_La_Bourdonnais
Défense sicilienne,Système Maróczy,https://fr.wikipedia.org/wiki/Syst%C3%A8me_Mar%C3%B3czy
Défense sicilienne,Gambit Morra,https://fr.wikipedia.org/wiki/Gambit_Morra
Défense sicilienne,Variante de Moscou,https://fr.wikipedia.org/wiki/Variante_de_Moscou
Défense sicilienne,Variante Najdorf,https://fr.wikipedia.org/wiki/Variante_Najdorf
Défense sicilienne,Sicilienne Paulsen,https://fr.wikipedia.org/wiki/Sicilienne_Paulsen
Défense sicilienne,Variante du pion empoisonné,https://fr.wikipedia.org/wiki/Variante_du_pion_empoisonn%C3%A9
Défense sicilienne,Variante Polougaïevski,https://fr.wikipedia.org/wiki/Variante_Polouga%C3%AFevski
Défense sicilienne,Sicilienne des quatre cavaliers,https://fr.wikipedia.org/wiki/Sicilienne_des_quatre_cavaliers
Défense sicilienne,Attaque Richter-Rauzer,https://fr.wikipedia.org/wiki/Attaque_Richter-Rauzer
Défense sicilienne,Attaque Rossolimo,https://fr.wikipedia.org/wiki/Attaque_Rossolimo
Défense sicilienne,Variante de Scheveningue,https://fr.wikipedia.org/wiki/Variante_de_Scheveningue
Défense sicilienne,Attaque Sozine,https://fr.wikipedia.org/wiki/Attaque_Sozine
Défense sicilienne,Variante Svechnikov,https://fr.wikipedia.org/wiki/Variante_Svechnikov
Défense sicilienne,Variante Taïmanov,https://fr.wikipedia.org/wiki/Variante_Ta%C3%AFmanov
Défense sicilienne,Variante Tchekhover,https://fr.wikipedia.org/wiki/Variante_Tchekhover
Partie espagnole,Défense berlinoise,https://fr.wikipedia.org/wiki/D%C3%A9fense_berlinoise
Partie espagnole,Défense Bird,https://fr.wikipedia.org/wiki/D%C3%A9fense_Bird
Partie espagnole,Défense classique berlinoise,https://fr.wikipedia.org/wiki/D%C3%A9fense_classique_berlinoise
Partie espagnole,Défense Cordel,https://fr.wikipedia.org/wiki/D%C3%A9fense_Cordel
Partie espagnole,Défense Cozio,https://fr.wikipedia.org/wiki/D%C3%A9fense_Cozio
Partie espagnole,Défense Schliemann,https://fr.wikipedia.org/wiki/D%C3%A9fense_Schliemann
Partie espagnole,Défense Smyslov,https://fr.wikipedia.org/wiki/D%C3%A9fense_Smyslov
Partie espagnole,Défense Steinitz,https://fr.wikipedia.org/wiki/D%C3%A9fense_Steinitz
Partie espagnole,Espagnole fermée,https://fr.wikipedia.org/wiki/Espagnole_ferm%C3%A9e
Partie espagnole,Espagnole ouverte,https://fr.wikipedia.org/wiki/Espagnole_ouverte
Partie espagnole,Gambit Marshall,https://fr.wikipedia.org/wiki/Gambit_Marshall
Partie espagnole,Piège de l'arche de Noé,https://fr.wikipedia.org/wiki/Pi%C3%A8ge_de_l%27arche_de_No%C3%A9
Partie espagnole,Variante Breyer,https://fr.wikipedia.org/wiki/Variante_Breyer
Partie espagnole,Variante d'Arkhangelsk,https://fr.wikipedia.org/wiki/Variante_d%27Arkhangelsk
Partie espagnole,Variante d'échange de la partie espagnole,https://fr.wikipedia.org/wiki/Variante_d%27%C3%A9change_de_la_partie_espagnole
Partie espagnole,Variante Karpov,https://fr.wikipedia.org/wiki/Variante_Karpov
Partie espagnole,Variante Kholmov,https://fr.wikipedia.org/wiki/Variante_Kholmov
Partie espagnole,Variante Möller,https://fr.wikipedia.org/wiki/Variante_M%C3%B6ller
Partie espagnole,Variante Smyslov,https://fr.wikipedia.org/wiki/Variante_Smyslov
Partie espagnole,Variante Steinitz différée,https://fr.wikipedia.org/wiki/Variante_Steinitz_diff%C3%A9r%C3%A9e
Partie espagnole,Variante Tchigorine,https://fr.wikipedia.org/wiki/Variante_Tchigorine
Partie espagnole,Variante Zaïtsev,https://fr.wikipedia.org/wiki/Variante_Za%C3%AFtsev
Débuts ouverts divers,Ouverture Alapine,https://fr.wikipedia.org/wiki/Ouverture_Alapine
Débuts ouverts divers,Gambit du centre,https://fr.wikipedia.org/wiki/Gambit_du_centre
Débuts ouverts divers,Partie du centre,https://fr.wikipedia.org/wiki/Partie_du_centre
Débuts ouverts divers,Gambit Cochrane,https://fr.wikipedia.org/wiki/Gambit_Cochrane
Débuts ouverts divers,Défense Damiano,https://fr.wikipedia.org/wiki/D%C3%A9fense_Damiano
Débuts ouverts divers,Gambit danois,https://fr.wikipedia.org/wiki/Gambit_danois
Débuts ouverts divers,Défense des deux cavaliers,https://fr.wikipedia.org/wiki/D%C3%A9fense_des_deux_cavaliers
Débuts ouverts divers,Partie écossaise,https://fr.wikipedia.org/wiki/Partie_%C3%A9cossaise
Débuts ouverts divers,Gambit éléphant,https://fr.wikipedia.org/wiki/Gambit_%C3%A9l%C3%A9phant
Débuts ouverts divers,Gambit Evans,https://fr.wikipedia.org/wiki/Gambit_Evans
Débuts ouverts divers,Contre-gambit Falkbeer,https://fr.wikipedia.org/wiki/Contre-gambit_Falkbeer
Débuts ouverts divers,Début du fou,https://fr.wikipedia.org/wiki/D%C3%A9but_du_fou
Débuts ouverts divers,Défense Greco,https://fr.wikipedia.org/wiki/D%C3%A9fense_Greco
Débuts ouverts divers,Défense hongroise,https://fr.wikipedia.org/wiki/D%C3%A9fense_hongroise
Débuts ouverts divers,Partie italienne,https://fr.wikipedia.org/wiki/Partie_italienne
Débuts ouverts divers,Gambit letton,https://fr.wikipedia.org/wiki/Gambit_letton
Débuts ouverts divers,Attaque Max Lange,https://fr.wikipedia.org/wiki/Attaque_Max_Lange
Débuts ouverts divers,Ouverture Napoléon,https://fr.wikipedia.org/wiki/Ouverture_Napol%C3%A9on
Débuts ouverts divers,Attaque Parham,https://fr.wikipedia.org/wiki/Attaque_Parham
Débuts ouverts divers,Défense Philidor,https://fr.wikipedia.org/wiki/D%C3%A9fense_Philidor
Débuts ouverts divers,Début Ponziani,https://fr.wikipedia.org/wiki/D%C3%A9but_Ponziani
Débuts ouverts divers,Ouverture portugaise,https://fr.wikipedia.org/wiki/Ouverture_portugaise
Débuts ouverts divers,Partie des quatre cavaliers,https://fr.wikipedia.org/wiki/Partie_des_quatre_cavaliers
Débuts ouverts divers,Gambit du roi,https://fr.wikipedia.org/wiki/Gambit_du_roi
Débuts ouverts divers,Défense russe,https://fr.wikipedia.org/wiki/D%C3%A9fense_russe
Débuts ouverts divers,Contre-attaque Traxler,https://fr.wikipedia.org/wiki/Contre-attaque_Traxler
Débuts ouverts divers,Partie des trois cavaliers,https://fr.wikipedia.org/wiki/Partie_des_trois_cavaliers
Débuts ouverts divers,Gambit viennois,https://fr.wikipedia.org/wiki/Gambit_viennois
Débuts ouverts divers,Partie viennoise,https://fr.wikipedia.org/wiki/Partie_viennoise
Autres défenses asymétriques sur 1. e4,Défense Alekhine,https://fr.wikipedia.org/wiki/D%C3%A9fense_Alekhine
Autres défenses asymétriques sur 1. e4,Défense Barnes,https://fr.wikipedia.org/wiki/D%C3%A9fense_Barnes
Autres défenses asymétriques sur 1. e4,Défense Caro-Kann,https://fr.wikipedia.org/wiki/D%C3%A9fense_Caro-Kann
Autres défenses asymétriques sur 1. e4,Défense Desprez,https://fr.wikipedia.org/wiki/D%C3%A9fense_Desprez
Autres défenses asymétriques sur 1. e4,Attaque est-indienne,https://fr.wikipedia.org/wiki/Attaque_est-indienne
Autres défenses asymétriques sur 1. e4,Défense française,https://fr.wikipedia.org/wiki/D%C3%A9fense_fran%C3%A7aise
Autres défenses asymétriques sur 1. e4,Défense moderne,https://fr.wikipedia.org/wiki/D%C3%A9fense_moderne
Autres défenses asymétriques sur 1. e4,Défense Nimzowitsch,https://fr.wikipedia.org/wiki/D%C3%A9fense_Nimzowitsch
Autres défenses asymétriques sur 1. e4,Défense Owen,https://fr.wikipedia.org/wiki/D%C3%A9fense_Owen
Autres défenses asymétriques sur 1. e4,Attaque Panov,https://fr.wikipedia.org/wiki/Attaque_Panov
Autres défenses asymétriques sur 1. e4,Défense Pirc,https://fr.wikipedia.org/wiki/D%C3%A9fense_Pirc
Autres défenses asymétriques sur 1. e4,Défense Saint-Georges,https://fr.wikipedia.org/wiki/D%C3%A9fense_Saint-Georges
Autres défenses asymétriques sur 1. e4,Défense scandinave,https://fr.wikipedia.org/wiki/D%C3%A9fense_scandinave
Groupe du Gambit Dame,Gambit dame,https://fr.wikipedia.org/wiki/Gambit_dame
Groupe du Gambit Dame,Contre-gambit Albin,https://fr.wikipedia.org/wiki/Contre-gambit_Albin
Groupe du Gambit Dame,Défense autrichienne,https://fr.wikipedia.org/wiki/D%C3%A9fense_autrichienne
Groupe du Gambit Dame,Défense balte,https://fr.wikipedia.org/wiki/D%C3%A9fense_balte
Groupe du Gambit Dame,Défense Cambridge-Springs,https://fr.wikipedia.org/wiki/D%C3%A9fense_Cambridge-Springs
Groupe du Gambit Dame,Gambit dame accepté,https://fr.wikipedia.org/wiki/Gambit_dame_accept%C3%A9
Groupe du Gambit Dame,Gambit dame refusé,https://fr.wikipedia.org/wiki/Gambit_dame_refus%C3%A9
Groupe du Gambit Dame,Variante d'échange du gambit dame refusé,https://fr.wikipedia.org/wiki/Variante_d%27%C3%A9change_du_gambit_dame_refus%C3%A9
Groupe du Gambit Dame,Piège de l'éléphant,https://fr.wikipedia.org/wiki/Pi%C3%A8ge_de_l%27%C3%A9l%C3%A9phant
Groupe du Gambit Dame,Défense de Méran,https://fr.wikipedia.org/wiki/D%C3%A9fense_de_M%C3%A9ran
Groupe du Gambit Dame,Défense orthodoxe,https://fr.wikipedia.org/wiki/D%C3%A9fense_orthodoxe
Groupe du Gambit Dame,Défense semi-slave,https://fr.wikipedia.org/wiki/D%C3%A9fense_semi-slave
Groupe du Gambit Dame,Défense semi-Tarrasch,https://fr.wikipedia.org/wiki/D%C3%A9fense_semi-Tarrasch
Groupe du Gambit Dame,Défense slave,https://fr.wikipedia.org/wiki/D%C3%A9fense_slave
Groupe du Gambit Dame,Défense Tarrasch,https://fr.wikipedia.org/wiki/D%C3%A9fense_Tarrasch
Groupe du Gambit Dame,Variante Tartakover,https://fr.wikipedia.org/wiki/Variante_Tartakover
Groupe du Gambit Dame,Défense Tchigorine,https://fr.wikipedia.org/wiki/D%C3%A9fense_Tchigorine
Groupe du Gambit Dame,Variante anti-Tartakover,https://fr.wikipedia.org/wiki/Variante_anti-Tartakover
Groupe du Gambit Dame,Variante Lasker du gambit dame refusé,https://fr.wikipedia.org/wiki/Variante_Lasker_du_gambit_dame_refus%C3%A9
Ouvertures indiennes,Gambit Benko,https://fr.wikipedia.org/wiki/Gambit_Benko
Ouvertures indiennes,Défense Benoni,https://fr.wikipedia.org/wiki/D%C3%A9fense_Benoni
Ouvertures indiennes,Gambit Blumenfeld,https://fr.wikipedia.org/wiki/Gambit_Blumenfeld
Ouvertures indiennes,Défense Bogo-indienne,https://fr.wikipedia.org/wiki/D%C3%A9fense_Bogo-indienne
Ouvertures indiennes,Gambit de Budapest,https://fr.wikipedia.org/wiki/Gambit_de_Budapest
Ouvertures indiennes,Attaque est-indienne,https://fr.wikipedia.org/wiki/Attaque_est-indienne
Ouvertures indiennes,Défense est-indienne,https://fr.wikipedia.org/wiki/D%C3%A9fense_est-indienne
Ouvertures indiennes,Défense Grünfeld,https://fr.wikipedia.org/wiki/D%C3%A9fense_Gr%C3%BCnfeld
Ouvertures indiennes,Variante anti-Grünfeld,https://fr.wikipedia.org/wiki/Variante_anti-Gr%C3%BCnfeld
Ouvertures indiennes,Défense mexicaine,https://fr.wikipedia.org/wiki/D%C3%A9fense_mexicaine
Ouvertures indiennes,Défense nimzo-indienne,https://fr.wikipedia.org/wiki/D%C3%A9fense_nimzo-indienne
Ouvertures indiennes,Défense ouest-indienne,https://fr.wikipedia.org/wiki/D%C3%A9fense_ouest-indienne
Ouvertures indiennes,Défense vieille-indienne,https://fr.wikipedia.org/wiki/D%C3%A9fense_vieille-indienne
Autres défenses sur 1. d4,Attaque Barry,https://fr.wikipedia.org/wiki/Attaque_Barry
Autres défenses sur 1. d4,Gambit Blackmar-Diemer,https://fr.wikipedia.org/wiki/Gambit_Blackmar-Diemer
Autres défenses sur 1. d4,Partie catalane,https://fr.wikipedia.org/wiki/Partie_catalane
Autres défenses sur 1. d4,Système Colle,https://fr.wikipedia.org/wiki/Syst%C3%A8me_Colle
Autres défenses sur 1. d4,Défense hollandaise,https://fr.wikipedia.org/wiki/D%C3%A9fense_hollandaise
Autres défenses sur 1. d4,Défense polonaise,https://fr.wikipedia.org/wiki/D%C3%A9fense_polonaise
Autres défenses sur 1. d4,Attaque Richter-Veressov,https://fr.wikipedia.org/wiki/Attaque_Richter-Veressov
Autres défenses sur 1. d4,Gambit Staunton,https://fr.wikipedia.org/wiki/Gambit_Staunton
Autres défenses sur 1. d4,Attaque Stonewall,https://fr.wikipedia.org/wiki/Attaque_Stonewall
Autres défenses sur 1. d4,Système de Londres,https://fr.wikipedia.org/wiki/Syst%C3%A8me_de_Londres
Autres défenses sur 1. d4,Attaque Torre,https://fr.wikipedia.org/wiki/Attaque_Torre
Autres défenses sur 1. d4,Attaque Trompowsky,https://fr.wikipedia.org/wiki/Attaque_Trompowsky
Autres défenses sur 1. d4,Ouverture du pion dame,https://fr.wikipedia.org/wiki/Ouverture_du_pion_dame
Autres défenses sur 1. d4,Gambit Englund,https://fr.wikipedia.org/wiki/Gambit_Englund
Autres défenses sur 1. d4,Défense Dzindzi-indienne,https://fr.wikipedia.org/wiki/D%C3%A9fense_Dzindzi-indienne
Débuts de flanc majeurs,Ouverture anglaise,https://fr.wikipedia.org/wiki/Ouverture_anglaise
Débuts de flanc majeurs,Début Réti,https://fr.wikipedia.org/wiki/D%C3%A9but_R%C3%A9ti
Débuts de flanc mineurs,Ouverture Amar,https://fr.wikipedia.org/wiki/Ouverture_Amar
Débuts de flanc mineurs,Ouverture Anderssen,https://fr.wikipedia.org/wiki/Ouverture_Anderssen
Débuts de flanc mineurs,Ouverture Barnes,https://fr.wikipedia.org/wiki/Ouverture_Barnes
Débuts de flanc mineurs,Ouverture Bird,https://fr.wikipedia.org/wiki/Ouverture_Bird
Débuts de flanc mineurs,Ouverture Clemenz,https://fr.wikipedia.org/wiki/Ouverture_Clemenz
Débuts de flanc mineurs,Ouverture Després,https://fr.wikipedia.org/wiki/Ouverture_Despr%C3%A9s
Débuts de flanc mineurs,Attaque Durkin,https://fr.wikipedia.org/wiki/Attaque_Durkin
Débuts de flanc mineurs,Ouverture du fianchetto-roi,https://fr.wikipedia.org/wiki/Ouverture_du_fianchetto-roi
Débuts de flanc mineurs,Début Grob,https://fr.wikipedia.org/wiki/D%C3%A9but_Grob
Débuts de flanc mineurs,Ouverture indienne ancienne,https://fr.wikipedia.org/wiki/Ouverture_indienne_ancienne
Débuts de flanc mineurs,Début Larsen,https://fr.wikipedia.org/wiki/D%C3%A9but_Larsen
Débuts de flanc mineurs,Ouverture de Saragosse,https://fr.wikipedia.org/wiki/Ouverture_de_Saragosse
Débuts de flanc mineurs,Ouverture de l'orang-outang,https://fr.wikipedia.org/wiki/Ouverture_de_l%27orang-outang
Débuts de flanc mineurs,Début Van Geet,https://fr.wikipedia.org/wiki/D%C3%A9but_Van_Geet
Débuts de flanc mineurs,Ouverture Van 't Kruijs,https://fr.wikipedia.org/wiki/Ouverture_Van_%27t_Kruijs
Débuts de flanc mineurs,Ouverture Ware,https://fr.wikipedia.org/wiki/Ouverture_Ware
Ouvertures irrégulières,Attaque Bongcloud,https://fr.wikipedia.org/wiki/Attaque_Bongcloud
Ouvertures irrégulières,Habichd,https://fr.wikipedia.org/wiki/Habichd
Ouvertures irrégulières,Gambit Halloween,https://fr.wikipedia.org/wiki/Gambit_Halloween
Ouvertures irrégulières,Défense vautour,https://fr.wikipedia.org/wiki/D%C3%A9fense_vautour
Ouvertures irrégulières,Défense Woozle,https://fr.wikipedia.org/wiki/D%C3%A9fense_Woozle
Lexique,Liste des ouvertures d'échecs suivant le code ECO,https://fr.wikipedia.org/wiki/Liste_des_ouvertures_d%27%C3%A9checs_suivant_le_code_ECO
Lexique,Gambit (échecs),https://fr.wikipedia.org/wiki/Gambit_(%C3%A9checs)
Lexique,Liste de gambits d'échecs,https://fr.wikipedia.org/wiki/Liste_de_gambits_d%27%C3%A9checs
Lexique,Système du hérisson,https://fr.wikipedia.org/wiki/Syst%C3%A8me_du_h%C3%A9risson
